OrderID,OrderDate,CustomerName,Amount
ORD0001,2025-10-22,Tom Hardy,212.11
ORD0002,2025-11-18,rachel green  ,16.05
ORD0003,2025-11-24,james martin,352.85
ORD0004,2025-10-28,  Tom Hardy,484.82
ORD0005,2025-12-01,ANNA BELL  ,258.88
ORD0006,2025-10-24,tom hardy  ,48.23
ORD0007,2025-12-12,  SARAH CONNOR,134.41
ORD0008,2025-12-24,  anna bell,298.08
ORD0009,2025-11-03,TOM HARDY,206.96
ORD0010,2025-12-19,David Wilson  ,499.25
ORD0011,2025-11-14,sarah connor,442.22
ORD0012,2025-12-18,EMMA BROWN,492.17
ORD0013,2025-12-24,tom hardy,65.24
ORD0014,2025-10-20,mike johnson,147.09
ORD0015,2025-11-03,anna bell,260.12
ORD0016,2025-11-24,  David Wilson,417.23
ORD0017,2025-11-03,john smith,93.37
ORD0018,2025-10-10,  Rachel Green,473.35
ORD0019,2025-10-17,Mike Johnson  ,35.29
ORD0020,2025-10-27,Lisa Taylor,345.8
ORD0021,2025-10-20,Sarah Connor,464.0
ORD0022,2025-10-04,Emma Brown,101.99
ORD0023,2025-11-01,Lisa Taylor,144.4
ORD0024,2025-11-28,SARAH CONNOR  ,184.58
ORD0025,2025-11-05,emma brown,434.21
